<?xml version="1.0" encoding="UTF-8"?>
<deploy xmlns="http://www.apache.org/ode/schemas/dd/2007/03" xmlns:schemas="http://bpel4mobile.com/example/hotel/schemas" xmlns:schemas_1="http://bpel4mobile.com/schemas" xmlns:schemas_2="http://bpel4mobile.com/schemas/example/verifyService">
  <process name="schemas:cleanUpProcess">
    <active>true</active>
    <retired>false</retired>
    <process-events generate="all"/>
    <provide partnerLink="client">
      <service name="schemas:cleanUpProcessService" port="cleanUpProcessPort"/>
    </provide>
    <invoke partnerLink="client">
      <service name="schemas:cleanUpProcessServiceCallback" port="cleanUpProcessPortCallbackPort"/>
    </invoke>
    <invoke partnerLink="cleanUpServicePL">
      <service name="schemas_1:cleanUpServicePortService" port="cleanUpServicePortSoap11"/>
    </invoke>
    <invoke partnerLink="verifyTaskPL">
      <service name="schemas_2:verifyServicePortService" port="verifyServicePortSoap11"/>
    </invoke>
  </process>
</deploy>